Temperature (C)	Pressure (MPa)	Density (g/ml)	Volume (ml/g)	Internal Energy (kJ/mol)	Enthalpy (kJ/mol)	Entropy (J/mol*K)	Cv (J/mol*K)	Cp (J/mol*K)	Sound Spd. (m/s)	Joule-Thomson (K/MPa)	Viscosity (uPa*s)	Therm. Cond. (W/m*K)	Phase
0.010000	0.10132	0.99984	1.0002	3.3642e-05	0.0018593	0.00012298	75.970	76.014	1402.4	-0.24141	1791.1	0.55568	liquid
0.19332	0.10132	0.99986	1.0001	0.013967	0.015793	0.051115	75.962	76.002	1403.4	-0.24123	1779.8	0.55614	liquid
0.37663	0.10132	0.99987	1.0001	0.027899	0.029724	0.10206	75.955	75.991	1404.3	-0.24105	1768.5	0.55661	liquid
0.55995	0.10132	0.99988	1.0001	0.041828	0.043654	0.15297	75.948	75.980	1405.2	-0.24088	1757.3	0.55708	liquid
0.74327	0.10132	0.99989	1.0001	0.055756	0.057581	0.20384	75.941	75.969	1406.1	-0.24070	1746.3	0.55754	liquid
0.92658	0.10132	0.99990	1.0001	0.069681	0.071507	0.25467	75.933	75.959	1407.0	-0.24052	1735.4	0.55800	liquid
1.1099	0.10132	0.99991	1.0001	0.083605	0.085430	0.30545	75.926	75.948	1407.9	-0.24035	1724.5	0.55846	liquid
1.2932	0.10132	0.99992	1.0001	0.097526	0.099352	0.35619	75.918	75.938	1408.8	-0.24017	1713.8	0.55892	liquid
1.4765	0.10132	0.99992	1.0001	0.11145	0.11327	0.40690	75.910	75.927	1409.7	-0.24000	1703.2	0.55937	liquid
1.6598	0.10132	0.99993	1.0001	0.12536	0.12719	0.45756	75.903	75.917	1410.6	-0.23982	1692.7	0.55983	liquid
1.8432	0.10132	0.99994	1.0001	0.13928	0.14111	0.50818	75.895	75.907	1411.5	-0.23965	1682.3	0.56028	liquid
2.0265	0.10132	0.99994	1.0001	0.15319	0.15502	0.55876	75.887	75.897	1412.4	-0.23948	1672.0	0.56073	liquid
2.2098	0.10132	0.99995	1.0001	0.16711	0.16893	0.60930	75.879	75.888	1413.2	-0.23930	1661.8	0.56118	liquid
2.3931	0.10132	0.99995	1.0000	0.18102	0.18284	0.65980	75.871	75.878	1414.1	-0.23913	1651.7	0.56162	liquid
2.5764	0.10132	0.99996	1.0000	0.19493	0.19675	0.71027	75.863	75.869	1415.0	-0.23896	1641.7	0.56207	liquid
2.7597	0.10132	0.99996	1.0000	0.20883	0.21066	0.76069	75.855	75.859	1415.9	-0.23879	1631.8	0.56251	liquid
2.9431	0.10132	0.99997	1.0000	0.22274	0.22456	0.81107	75.847	75.850	1416.7	-0.23862	1622.0	0.56295	liquid
3.1264	0.10132	0.99997	1.0000	0.23664	0.23847	0.86141	75.839	75.841	1417.6	-0.23845	1612.3	0.56339	liquid
3.3097	0.10132	0.99997	1.0000	0.25054	0.25237	0.91171	75.831	75.832	1418.4	-0.23828	1602.7	0.56383	liquid
3.4930	0.10132	0.99997	1.0000	0.26444	0.26627	0.96198	75.822	75.823	1419.3	-0.23811	1593.2	0.56427	liquid
3.6763	0.10132	0.99997	1.0000	0.27834	0.28017	1.0122	75.814	75.814	1420.1	-0.23795	1583.7	0.56470	liquid
3.8596	0.10132	0.99997	1.0000	0.29224	0.29407	1.0624	75.806	75.806	1421.0	-0.23778	1574.4	0.56513	liquid
4.0430	0.10132	0.99997	1.0000	0.30614	0.30796	1.1125	75.797	75.797	1421.8	-0.23761	1565.1	0.56557	liquid
4.2263	0.10132	0.99997	1.0000	0.32003	0.32186	1.1626	75.789	75.789	1422.7	-0.23745	1556.0	0.56600	liquid
4.4096	0.10132	0.99997	1.0000	0.33392	0.33575	1.2127	75.780	75.781	1423.5	-0.23728	1546.9	0.56642	liquid
4.5929	0.10132	0.99997	1.0000	0.34781	0.34964	1.2627	75.772	75.773	1424.3	-0.23712	1537.9	0.56685	liquid
4.7762	0.10132	0.99997	1.0000	0.36170	0.36353	1.3127	75.763	75.765	1425.2	-0.23696	1528.9	0.56728	liquid
4.9595	0.10132	0.99997	1.0000	0.37559	0.37742	1.3627	75.754	75.757	1426.0	-0.23679	1520.1	0.56770	liquid
5.1429	0.10132	0.99996	1.0000	0.38948	0.39130	1.4126	75.745	75.749	1426.8	-0.23663	1511.4	0.56812	liquid
5.3262	0.10132	0.99996	1.0000	0.40336	0.40519	1.4625	75.737	75.741	1427.6	-0.23647	1502.7	0.56854	liquid
5.5095	0.10132	0.99996	1.0000	0.41725	0.41907	1.5123	75.728	75.734	1428.4	-0.23631	1494.1	0.56896	liquid
5.6928	0.10132	0.99995	1.0000	0.43113	0.43296	1.5621	75.719	75.726	1429.2	-0.23615	1485.6	0.56938	liquid
5.8761	0.10132	0.99995	1.0001	0.44501	0.44684	1.6119	75.710	75.719	1430.1	-0.23598	1477.1	0.56980	liquid
6.0594	0.10132	0.99994	1.0001	0.45889	0.46072	1.6616	75.701	75.711	1430.9	-0.23582	1468.8	0.57021	liquid
6.2428	0.10132	0.99993	1.0001	0.47277	0.47460	1.7113	75.692	75.704	1431.7	-0.23566	1460.5	0.57062	liquid
6.4261	0.10132	0.99993	1.0001	0.48665	0.48847	1.7610	75.682	75.697	1432.5	-0.23551	1452.3	0.57103	liquid
6.6094	0.10132	0.99992	1.0001	0.50052	0.50235	1.8106	75.673	75.690	1433.2	-0.23535	1444.1	0.57144	liquid
6.7927	0.10132	0.99991	1.0001	0.51440	0.51622	1.8602	75.664	75.683	1434.0	-0.23519	1436.1	0.57185	liquid
6.9760	0.10132	0.99991	1.0001	0.52827	0.53010	1.9097	75.655	75.676	1434.8	-0.23503	1428.1	0.57226	liquid
7.1593	0.10132	0.99990	1.0001	0.54214	0.54397	1.9592	75.645	75.670	1435.6	-0.23488	1420.2	0.57267	liquid
7.3427	0.10132	0.99989	1.0001	0.55601	0.55784	2.0087	75.636	75.663	1436.4	-0.23472	1412.3	0.57307	liquid
7.5260	0.10132	0.99988	1.0001	0.56988	0.57171	2.0581	75.627	75.657	1437.2	-0.23456	1404.5	0.57347	liquid
7.7093	0.10132	0.99987	1.0001	0.58375	0.58558	2.1075	75.617	75.650	1437.9	-0.23441	1396.8	0.57388	liquid
7.8926	0.10132	0.99986	1.0001	0.59762	0.59945	2.1569	75.607	75.644	1438.7	-0.23425	1389.2	0.57428	liquid
8.0759	0.10132	0.99985	1.0002	0.61149	0.61331	2.2062	75.598	75.638	1439.5	-0.23410	1381.6	0.57467	liquid
8.2592	0.10132	0.99983	1.0002	0.62535	0.62718	2.2555	75.588	75.631	1440.2	-0.23394	1374.1	0.57507	liquid
8.4426	0.10132	0.99982	1.0002	0.63921	0.64104	2.3047	75.579	75.625	1441.0	-0.23379	1366.6	0.57547	liquid
8.6259	0.10132	0.99981	1.0002	0.65308	0.65490	2.3539	75.569	75.619	1441.7	-0.23364	1359.3	0.57586	liquid
8.8092	0.10132	0.99980	1.0002	0.66694	0.66876	2.4031	75.559	75.613	1442.5	-0.23348	1351.9	0.57626	liquid
8.9925	0.10132	0.99978	1.0002	0.68080	0.68263	2.4522	75.549	75.608	1443.2	-0.23333	1344.7	0.57665	liquid
9.1758	0.10132	0.99977	1.0002	0.69466	0.69649	2.5014	75.539	75.602	1444.0	-0.23318	1337.5	0.57704	liquid
9.3591	0.10132	0.99976	1.0002	0.70852	0.71034	2.5504	75.529	75.596	1444.7	-0.23303	1330.4	0.57743	liquid
9.5425	0.10132	0.99974	1.0003	0.72238	0.72420	2.5995	75.519	75.591	1445.4	-0.23288	1323.3	0.57781	liquid
9.7258	0.10132	0.99973	1.0003	0.73623	0.73806	2.6485	75.509	75.585	1446.2	-0.23273	1316.3	0.57820	liquid
9.9091	0.10132	0.99971	1.0003	0.75009	0.75191	2.6974	75.499	75.580	1446.9	-0.23258	1309.3	0.57859	liquid
10.092	0.10132	0.99969	1.0003	0.76394	0.76577	2.7464	75.489	75.574	1447.6	-0.23243	1302.4	0.57897	liquid
10.276	0.10132	0.99968	1.0003	0.77780	0.77962	2.7953	75.479	75.569	1448.4	-0.23228	1295.6	0.57935	liquid
10.459	0.10132	0.99966	1.0003	0.79165	0.79347	2.8441	75.469	75.564	1449.1	-0.23213	1288.8	0.57974	liquid
10.642	0.10132	0.99964	1.0004	0.80550	0.80733	2.8929	75.459	75.559	1449.8	-0.23198	1282.1	0.58012	liquid
10.826	0.10132	0.99963	1.0004	0.81935	0.82118	2.9417	75.448	75.554	1450.5	-0.23184	1275.4	0.58049	liquid
11.009	0.10132	0.99961	1.0004	0.83320	0.83503	2.9905	75.438	75.549	1451.2	-0.23169	1268.8	0.58087	liquid
11.192	0.10132	0.99959	1.0004	0.84705	0.84887	3.0392	75.428	75.544	1451.9	-0.23154	1262.3	0.58125	liquid
11.376	0.10132	0.99957	1.0004	0.86090	0.86272	3.0879	75.417	75.539	1452.6	-0.23139	1255.8	0.58162	liquid
11.559	0.10132	0.99955	1.0005	0.87474	0.87657	3.1365	75.407	75.534	1453.3	-0.23125	1249.3	0.58200	liquid
11.742	0.10132	0.99953	1.0005	0.88859	0.89042	3.1852	75.396	75.529	1454.0	-0.23110	1242.9	0.58237	liquid
11.926	0.10132	0.99951	1.0005	0.90243	0.90426	3.2337	75.386	75.525	1454.7	-0.23096	1236.6	0.58274	liquid
12.109	0.10132	0.99949	1.0005	0.91628	0.91811	3.2823	75.375	75.520	1455.4	-0.23081	1230.3	0.58311	liquid
12.292	0.10132	0.99947	1.0005	0.93012	0.93195	3.3308	75.365	75.516	1456.1	-0.23067	1224.1	0.58348	liquid
12.476	0.10132	0.99944	1.0006	0.94397	0.94579	3.3793	75.354	75.511	1456.8	-0.23052	1217.9	0.58385	liquid
12.659	0.10132	0.99942	1.0006	0.95781	0.95963	3.4277	75.343	75.507	1457.5	-0.23038	1211.8	0.58422	liquid
12.842	0.10132	0.99940	1.0006	0.97165	0.97348	3.4761	75.333	75.502	1458.2	-0.23024	1205.7	0.58458	liquid
13.025	0.10132	0.99938	1.0006	0.98549	0.98732	3.5245	75.322	75.498	1458.8	-0.23009	1199.6	0.58495	liquid
13.209	0.10132	0.99935	1.0006	0.99933	1.0012	3.5729	75.311	75.494	1459.5	-0.22995	1193.6	0.58531	liquid
13.392	0.10132	0.99933	1.0007	1.0132	1.0150	3.6212	75.300	75.490	1460.2	-0.22981	1187.7	0.58567	liquid
13.575	0.10132	0.99931	1.0007	1.0270	1.0288	3.6695	75.289	75.486	1460.9	-0.22967	1181.8	0.58603	liquid
13.759	0.10132	0.99928	1.0007	1.0408	1.0427	3.7177	75.278	75.482	1461.5	-0.22953	1176.0	0.58639	liquid
13.942	0.10132	0.99926	1.0007	1.0547	1.0565	3.7659	75.267	75.478	1462.2	-0.22939	1170.2	0.58675	liquid
14.125	0.10132	0.99923	1.0008	1.0685	1.0703	3.8141	75.256	75.474	1462.8	-0.22924	1164.4	0.58711	liquid
14.309	0.10132	0.99920	1.0008	1.0824	1.0842	3.8622	75.245	75.470	1463.5	-0.22910	1158.7	0.58747	liquid
14.492	0.10132	0.99918	1.0008	1.0962	1.0980	3.9103	75.234	75.466	1464.1	-0.22896	1153.0	0.58782	liquid
14.675	0.10132	0.99915	1.0008	1.1100	1.1118	3.9584	75.223	75.463	1464.8	-0.22883	1147.4	0.58818	liquid
14.859	0.10132	0.99912	1.0009	1.1239	1.1257	4.0065	75.212	75.459	1465.4	-0.22869	1141.8	0.58853	liquid
15.042	0.10132	0.99910	1.0009	1.1377	1.1395	4.0545	75.201	75.455	1466.1	-0.22855	1136.3	0.58888	liquid
15.225	0.10132	0.99907	1.0009	1.1515	1.1533	4.1025	75.189	75.452	1466.7	-0.22841	1130.8	0.58923	liquid
15.409	0.10132	0.99904	1.0010	1.1653	1.1672	4.1504	75.178	75.448	1467.4	-0.22827	1125.4	0.58958	liquid
15.592	0.10132	0.99901	1.0010	1.1792	1.1810	4.1983	75.167	75.445	1468.0	-0.22813	1120.0	0.58993	liquid
15.775	0.10132	0.99898	1.0010	1.1930	1.1948	4.2462	75.155	75.442	1468.6	-0.22800	1114.6	0.59028	liquid
15.959	0.10132	0.99895	1.0010	1.2068	1.2087	4.2941	75.144	75.438	1469.2	-0.22786	1109.3	0.59063	liquid
16.142	0.10132	0.99892	1.0011	1.2207	1.2225	4.3419	75.133	75.435	1469.9	-0.22772	1104.0	0.59097	liquid
16.325	0.10132	0.99889	1.0011	1.2345	1.2363	4.3897	75.121	75.432	1470.5	-0.22758	1098.8	0.59132	liquid
16.508	0.10132	0.99886	1.0011	1.2483	1.2502	4.4374	75.110	75.429	1471.1	-0.22745	1093.6	0.59166	liquid
16.692	0.10132	0.99883	1.0012	1.2621	1.2640	4.4851	75.098	75.425	1471.7	-0.22731	1088.4	0.59200	liquid
16.875	0.10132	0.99880	1.0012	1.2760	1.2778	4.5328	75.087	75.422	1472.3	-0.22718	1083.3	0.59234	liquid
17.058	0.10132	0.99877	1.0012	1.2898	1.2916	4.5805	75.075	75.419	1472.9	-0.22704	1078.2	0.59269	liquid
17.242	0.10132	0.99874	1.0013	1.3036	1.3055	4.6281	75.063	75.416	1473.6	-0.22691	1073.1	0.59302	liquid
17.425	0.10132	0.99870	1.0013	1.3175	1.3193	4.6757	75.052	75.413	1474.2	-0.22677	1068.1	0.59336	liquid
17.608	0.10132	0.99867	1.0013	1.3313	1.3331	4.7233	75.040	75.410	1474.8	-0.22664	1063.2	0.59370	liquid
17.792	0.10132	0.99864	1.0014	1.3451	1.3469	4.7708	75.028	75.408	1475.4	-0.22651	1058.2	0.59404	liquid
17.975	0.10132	0.99860	1.0014	1.3589	1.3608	4.8183	75.016	75.405	1476.0	-0.22637	1053.3	0.59437	liquid
18.158	0.10132	0.99857	1.0014	1.3727	1.3746	4.8657	75.004	75.402	1476.5	-0.22624	1048.5	0.59471	liquid
18.342	0.10132	0.99853	1.0015	1.3866	1.3884	4.9132	74.993	75.399	1477.1	-0.22611	1043.7	0.59504	liquid
18.525	0.10132	0.99850	1.0015	1.4004	1.4022	4.9606	74.981	75.397	1477.7	-0.22597	1038.9	0.59537	liquid
18.708	0.10132	0.99846	1.0015	1.4142	1.4160	5.0080	74.969	75.394	1478.3	-0.22584	1034.1	0.59570	liquid
18.892	0.10132	0.99843	1.0016	1.4280	1.4299	5.0553	74.957	75.391	1478.9	-0.22571	1029.4	0.59603	liquid
19.075	0.10132	0.99839	1.0016	1.4419	1.4437	5.1026	74.945	75.389	1479.5	-0.22558	1024.7	0.59636	liquid
19.258	0.10132	0.99836	1.0016	1.4557	1.4575	5.1499	74.933	75.386	1480.0	-0.22545	1020.1	0.59669	liquid
19.442	0.10132	0.99832	1.0017	1.4695	1.4713	5.1971	74.921	75.384	1480.6	-0.22531	1015.4	0.59702	liquid
19.625	0.10132	0.99828	1.0017	1.4833	1.4851	5.2443	74.909	75.382	1481.2	-0.22518	1010.9	0.59735	liquid
19.808	0.10132	0.99825	1.0018	1.4971	1.4990	5.2915	74.896	75.379	1481.8	-0.22505	1006.3	0.59767	liquid
19.992	0.10132	0.99821	1.0018	1.5109	1.5128	5.3387	74.884	75.377	1482.3	-0.22492	1001.8	0.59800	liquid
20.175	0.10132	0.99817	1.0018	1.5248	1.5266	5.3858	74.872	75.375	1482.9	-0.22479	997.32	0.59832	liquid
20.358	0.10132	0.99813	1.0019	1.5386	1.5404	5.4329	74.860	75.372	1483.4	-0.22466	992.87	0.59864	liquid
20.541	0.10132	0.99809	1.0019	1.5524	1.5542	5.4799	74.848	75.370	1484.0	-0.22453	988.45	0.59897	liquid
20.725	0.10132	0.99805	1.0019	1.5662	1.5680	5.5270	74.835	75.368	1484.6	-0.22440	984.06	0.59929	liquid
20.908	0.10132	0.99802	1.0020	1.5800	1.5819	5.5740	74.823	75.366	1485.1	-0.22428	979.71	0.59961	liquid
21.091	0.10132	0.99798	1.0020	1.5938	1.5957	5.6209	74.811	75.364	1485.6	-0.22415	975.38	0.59993	liquid
21.275	0.10132	0.99794	1.0021	1.6077	1.6095	5.6679	74.798	75.362	1486.2	-0.22402	971.09	0.60024	liquid
21.458	0.10132	0.99790	1.0021	1.6215	1.6233	5.7148	74.786	75.360	1486.7	-0.22389	966.83	0.60056	liquid
21.641	0.10132	0.99785	1.0022	1.6353	1.6371	5.7617	74.773	75.358	1487.3	-0.22376	962.59	0.60088	liquid
21.825	0.10132	0.99781	1.0022	1.6491	1.6509	5.8085	74.761	75.356	1487.8	-0.22364	958.39	0.60119	liquid
22.008	0.10132	0.99777	1.0022	1.6629	1.6647	5.8553	74.748	75.354	1488.3	-0.22351	954.21	0.60151	liquid
22.191	0.10132	0.99773	1.0023	1.6767	1.6786	5.9021	74.736	75.352	1488.9	-0.22338	950.07	0.60182	liquid
22.375	0.10132	0.99769	1.0023	1.6905	1.6924	5.9489	74.723	75.350	1489.4	-0.22325	945.95	0.60213	liquid
22.558	0.10132	0.99765	1.0024	1.7044	1.7062	5.9956	74.710	75.348	1489.9	-0.22313	941.87	0.60245	liquid
22.741	0.10132	0.99760	1.0024	1.7182	1.7200	6.0423	74.698	75.347	1490.5	-0.22300	937.81	0.60276	liquid
22.925	0.10132	0.99756	1.0024	1.7320	1.7338	6.0890	74.685	75.345	1491.0	-0.22288	933.78	0.60307	liquid
23.108	0.10132	0.99752	1.0025	1.7458	1.7476	6.1356	74.672	75.343	1491.5	-0.22275	929.77	0.60338	liquid
23.291	0.10132	0.99747	1.0025	1.7596	1.7614	6.1822	74.660	75.342	1492.0	-0.22262	925.80	0.60368	liquid
23.475	0.10132	0.99743	1.0026	1.7734	1.7752	6.2288	74.647	75.340	1492.5	-0.22250	921.85	0.60399	liquid
23.658	0.10132	0.99738	1.0026	1.7872	1.7891	6.2753	74.634	75.338	1493.0	-0.22237	917.93	0.60430	liquid
23.841	0.10132	0.99734	1.0027	1.8010	1.8029	6.3218	74.621	75.337	1493.5	-0.22225	914.03	0.60460	liquid
24.024	0.10132	0.99729	1.0027	1.8148	1.8167	6.3683	74.608	75.335	1494.1	-0.22213	910.17	0.60491	liquid
24.208	0.10132	0.99725	1.0028	1.8287	1.8305	6.4148	74.595	75.334	1494.6	-0.22200	906.33	0.60521	liquid
24.391	0.10132	0.99720	1.0028	1.8425	1.8443	6.4612	74.583	75.332	1495.1	-0.22188	902.51	0.60552	liquid
24.574	0.10132	0.99716	1.0029	1.8563	1.8581	6.5076	74.570	75.331	1495.6	-0.22175	898.72	0.60582	liquid
24.758	0.10132	0.99711	1.0029	1.8701	1.8719	6.5540	74.557	75.329	1496.1	-0.22163	894.96	0.60612	liquid
24.941	0.10132	0.99706	1.0029	1.8839	1.8857	6.6003	74.544	75.328	1496.5	-0.22151	891.22	0.60642	liquid
25.124	0.10132	0.99702	1.0030	1.8977	1.8995	6.6466	74.530	75.327	1497.0	-0.22138	887.51	0.60672	liquid
25.308	0.10132	0.99697	1.0030	1.9115	1.9133	6.6929	74.517	75.325	1497.5	-0.22126	883.82	0.60702	liquid
25.491	0.10132	0.99692	1.0031	1.9253	1.9272	6.7392	74.504	75.324	1498.0	-0.22114	880.15	0.60732	liquid
25.674	0.10132	0.99687	1.0031	1.9391	1.9410	6.7854	74.491	75.323	1498.5	-0.22102	876.51	0.60761	liquid
25.858	0.10132	0.99682	1.0032	1.9529	1.9548	6.8316	74.478	75.321	1499.0	-0.22089	872.90	0.60791	liquid
26.041	0.10132	0.99678	1.0032	1.9667	1.9686	6.8777	74.465	75.320	1499.4	-0.22077	869.31	0.60821	liquid
26.224	0.10132	0.99673	1.0033	1.9805	1.9824	6.9239	74.452	75.319	1499.9	-0.22065	865.74	0.60850	liquid
26.408	0.10132	0.99668	1.0033	1.9944	1.9962	6.9700	74.438	75.318	1500.4	-0.22053	862.20	0.60879	liquid
26.591	0.10132	0.99663	1.0034	2.0082	2.0100	7.0160	74.425	75.317	1500.9	-0.22041	858.68	0.60909	liquid
26.774	0.10132	0.99658	1.0034	2.0220	2.0238	7.0621	74.412	75.316	1501.3	-0.22029	855.18	0.60938	liquid
26.958	0.10132	0.99653	1.0035	2.0358	2.0376	7.1081	74.398	75.315	1501.8	-0.22017	851.71	0.60967	liquid
27.141	0.10132	0.99648	1.0035	2.0496	2.0514	7.1541	74.385	75.314	1502.3	-0.22005	848.26	0.60996	liquid
27.324	0.10132	0.99643	1.0036	2.0634	2.0652	7.2001	74.372	75.313	1502.7	-0.21992	844.83	0.61025	liquid
27.507	0.10132	0.99637	1.0036	2.0772	2.0790	7.2460	74.358	75.312	1503.2	-0.21980	841.42	0.61054	liquid
27.691	0.10132	0.99632	1.0037	2.0910	2.0928	7.2919	74.345	75.311	1503.6	-0.21968	838.04	0.61083	liquid
27.874	0.10132	0.99627	1.0037	2.1048	2.1066	7.3378	74.331	75.310	1504.1	-0.21956	834.67	0.61112	liquid
28.057	0.10132	0.99622	1.0038	2.1186	2.1204	7.3836	74.318	75.309	1504.5	-0.21945	831.33	0.61140	liquid
28.241	0.10132	0.99617	1.0038	2.1324	2.1342	7.4294	74.304	75.308	1505.0	-0.21933	828.01	0.61169	liquid
28.424	0.10132	0.99611	1.0039	2.1462	2.1481	7.4752	74.291	75.307	1505.4	-0.21921	824.72	0.61197	liquid
28.607	0.10132	0.99606	1.0040	2.1600	2.1619	7.5210	74.277	75.306	1505.9	-0.21909	821.44	0.61226	liquid
28.791	0.10132	0.99601	1.0040	2.1738	2.1757	7.5667	74.263	75.305	1506.3	-0.21897	818.18	0.61254	liquid
28.974	0.10132	0.99595	1.0041	2.1876	2.1895	7.6124	74.250	75.305	1506.7	-0.21885	814.95	0.61282	liquid
29.157	0.10132	0.99590	1.0041	2.2014	2.2033	7.6581	74.236	75.304	1507.2	-0.21873	811.74	0.61311	liquid
29.341	0.10132	0.99585	1.0042	2.2152	2.2171	7.7038	74.222	75.303	1507.6	-0.21861	808.54	0.61339	liquid
29.524	0.10132	0.99579	1.0042	2.2290	2.2309	7.7494	74.209	75.302	1508.0	-0.21850	805.37	0.61367	liquid
29.707	0.10132	0.99574	1.0043	2.2429	2.2447	7.7950	74.195	75.302	1508.5	-0.21838	802.22	0.61395	liquid
29.891	0.10132	0.99568	1.0043	2.2567	2.2585	7.8405	74.181	75.301	1508.9	-0.21826	799.08	0.61423	liquid
30.074	0.10132	0.99563	1.0044	2.2705	2.2723	7.8861	74.167	75.300	1509.3	-0.21814	795.97	0.61450	liquid
30.257	0.10132	0.99557	1.0044	2.2843	2.2861	7.9316	74.154	75.300	1509.7	-0.21803	792.87	0.61478	liquid
30.441	0.10132	0.99552	1.0045	2.2981	2.2999	7.9771	74.140	75.299	1510.2	-0.21791	789.80	0.61506	liquid
30.624	0.10132	0.99546	1.0046	2.3119	2.3137	8.0225	74.126	75.298	1510.6	-0.21779	786.74	0.61533	liquid
30.807	0.10132	0.99540	1.0046	2.3257	2.3275	8.0680	74.112	75.298	1511.0	-0.21768	783.71	0.61561	liquid
30.991	0.10132	0.99535	1.0047	2.3395	2.3413	8.1134	74.098	75.297	1511.4	-0.21756	780.69	0.61588	liquid
31.174	0.10132	0.99529	1.0047	2.3533	2.3551	8.1587	74.084	75.297	1511.8	-0.21744	777.69	0.61616	liquid
31.357	0.10132	0.99523	1.0048	2.3671	2.3689	8.2041	74.070	75.296	1512.2	-0.21733	774.71	0.61643	liquid
31.540	0.10132	0.99517	1.0048	2.3809	2.3827	8.2494	74.056	75.296	1512.6	-0.21721	771.75	0.61670	liquid
31.724	0.10132	0.99512	1.0049	2.3947	2.3965	8.2947	74.042	75.295	1513.0	-0.21710	768.81	0.61697	liquid
31.907	0.10132	0.99506	1.0050	2.4085	2.4103	8.3399	74.028	75.295	1513.4	-0.21698	765.88	0.61724	liquid
32.090	0.10132	0.99500	1.0050	2.4223	2.4241	8.3852	74.014	75.295	1513.8	-0.21686	762.98	0.61751	liquid
32.274	0.10132	0.99494	1.0051	2.4361	2.4379	8.4304	74.000	75.294	1514.2	-0.21675	760.09	0.61778	liquid
32.457	0.10132	0.99488	1.0051	2.4499	2.4517	8.4755	73.986	75.294	1514.6	-0.21663	757.21	0.61805	liquid
32.640	0.10132	0.99482	1.0052	2.4637	2.4655	8.5207	73.971	75.293	1515.0	-0.21652	754.36	0.61832	liquid
32.824	0.10132	0.99476	1.0053	2.4775	2.4793	8.5658	73.957	75.293	1515.4	-0.21641	751.52	0.61859	liquid
33.007	0.10132	0.99470	1.0053	2.4913	2.4931	8.6109	73.943	75.293	1515.8	-0.21629	748.70	0.61885	liquid
33.190	0.10132	0.99464	1.0054	2.5051	2.5069	8.6560	73.929	75.292	1516.2	-0.21618	745.90	0.61912	liquid
33.374	0.10132	0.99458	1.0054	2.5189	2.5207	8.7010	73.914	75.292	1516.6	-0.21606	743.12	0.61938	liquid
33.557	0.10132	0.99452	1.0055	2.5327	2.5345	8.7460	73.900	75.292	1516.9	-0.21595	740.35	0.61965	liquid
33.740	0.10132	0.99446	1.0056	2.5465	2.5484	8.7910	73.886	75.292	1517.3	-0.21583	737.60	0.61991	liquid
33.924	0.10132	0.99440	1.0056	2.5603	2.5622	8.8360	73.872	75.291	1517.7	-0.21572	734.86	0.62017	liquid
34.107	0.10132	0.99434	1.0057	2.5741	2.5760	8.8809	73.857	75.291	1518.1	-0.21561	732.14	0.62043	liquid
34.290	0.10132	0.99428	1.0058	2.5879	2.5898	8.9258	73.843	75.291	1518.4	-0.21549	729.44	0.62070	liquid
34.474	0.10132	0.99421	1.0058	2.6017	2.6036	8.9707	73.828	75.291	1518.8	-0.21538	726.75	0.62096	liquid
34.657	0.10132	0.99415	1.0059	2.6155	2.6174	9.0156	73.814	75.291	1519.2	-0.21527	724.08	0.62122	liquid
34.840	0.10132	0.99409	1.0059	2.6293	2.6312	9.0604	73.799	75.291	1519.5	-0.21515	721.43	0.62147	liquid
35.023	0.10132	0.99403	1.0060	2.6431	2.6450	9.1052	73.785	75.290	1519.9	-0.21504	718.79	0.62173	liquid
35.207	0.10132	0.99396	1.0061	2.6569	2.6588	9.1500	73.771	75.290	1520.3	-0.21493	716.17	0.62199	liquid
35.390	0.10132	0.99390	1.0061	2.6707	2.6726	9.1947	73.756	75.290	1520.6	-0.21482	713.56	0.62225	liquid
35.573	0.10132	0.99383	1.0062	2.6845	2.6864	9.2394	73.741	75.290	1521.0	-0.21470	710.97	0.62250	liquid
35.757	0.10132	0.99377	1.0063	2.6983	2.7002	9.2841	73.727	75.290	1521.3	-0.21459	708.39	0.62276	liquid
35.940	0.10132	0.99371	1.0063	2.7121	2.7140	9.3288	73.712	75.290	1521.7	-0.21448	705.83	0.62301	liquid
36.123	0.10132	0.99364	1.0064	2.7259	2.7278	9.3734	73.698	75.290	1522.0	-0.21437	703.28	0.62327	liquid
36.307	0.10132	0.99358	1.0065	2.7397	2.7416	9.4180	73.683	75.290	1522.4	-0.21426	700.75	0.62352	liquid
36.490	0.10132	0.99351	1.0065	2.7535	2.7554	9.4626	73.668	75.290	1522.7	-0.21415	698.23	0.62378	liquid
36.673	0.10132	0.99345	1.0066	2.7673	2.7692	9.5072	73.654	75.290	1523.1	-0.21403	695.73	0.62403	liquid
36.857	0.10132	0.99338	1.0067	2.7811	2.7830	9.5517	73.639	75.290	1523.4	-0.21392	693.24	0.62428	liquid
37.040	0.10132	0.99332	1.0067	2.7949	2.7968	9.5962	73.624	75.290	1523.7	-0.21381	690.77	0.62453	liquid
37.223	0.10132	0.99325	1.0068	2.8088	2.8106	9.6407	73.610	75.290	1524.1	-0.21370	688.31	0.62478	liquid
37.407	0.10132	0.99318	1.0069	2.8226	2.8244	9.6852	73.595	75.290	1524.4	-0.21359	685.86	0.62503	liquid
37.590	0.10132	0.99312	1.0069	2.8364	2.8382	9.7296	73.580	75.290	1524.7	-0.21348	683.43	0.62528	liquid
37.773	0.10132	0.99305	1.0070	2.8502	2.8520	9.7740	73.565	75.291	1525.1	-0.21337	681.01	0.62553	liquid
37.957	0.10132	0.99298	1.0071	2.8640	2.8658	9.8184	73.550	75.291	1525.4	-0.21326	678.61	0.62577	liquid
38.140	0.10132	0.99291	1.0071	2.8778	2.8796	9.8627	73.535	75.291	1525.7	-0.21315	676.22	0.62602	liquid
38.323	0.10132	0.99285	1.0072	2.8916	2.8934	9.9071	73.521	75.291	1526.0	-0.21304	673.84	0.62627	liquid
38.506	0.10132	0.99278	1.0073	2.9054	2.9072	9.9514	73.506	75.291	1526.4	-0.21293	671.48	0.62651	liquid
38.690	0.10132	0.99271	1.0073	2.9192	2.9210	9.9956	73.491	75.291	1526.7	-0.21282	669.13	0.62676	liquid
38.873	0.10132	0.99264	1.0074	2.9330	2.9348	10.040	73.476	75.292	1527.0	-0.21271	666.80	0.62700	liquid
39.056	0.10132	0.99257	1.0075	2.9468	2.9486	10.084	73.461	75.292	1527.3	-0.21260	664.48	0.62724	liquid
39.240	0.10132	0.99250	1.0076	2.9606	2.9624	10.128	73.446	75.292	1527.6	-0.21249	662.17	0.62749	liquid
39.423	0.10132	0.99244	1.0076	2.9744	2.9762	10.172	73.431	75.292	1527.9	-0.21238	659.87	0.62773	liquid
39.606	0.10132	0.99237	1.0077	2.9882	2.9900	10.217	73.416	75.293	1528.2	-0.21227	657.59	0.62797	liquid
39.790	0.10132	0.99230	1.0078	3.0020	3.0038	10.261	73.401	75.293	1528.6	-0.21216	655.32	0.62821	liquid
39.973	0.10132	0.99223	1.0078	3.0158	3.0176	10.305	73.386	75.293	1528.9	-0.21205	653.06	0.62845	liquid
40.156	0.10132	0.99216	1.0079	3.0296	3.0314	10.349	73.371	75.294	1529.2	-0.21194	650.81	0.62869	liquid
40.340	0.10132	0.99209	1.0080	3.0434	3.0452	10.393	73.355	75.294	1529.5	-0.21183	648.58	0.62893	liquid
40.523	0.10132	0.99202	1.0080	3.0572	3.0590	10.437	73.340	75.294	1529.8	-0.21173	646.36	0.62917	liquid
40.706	0.10132	0.99194	1.0081	3.0710	3.0728	10.481	73.325	75.295	1530.1	-0.21162	644.16	0.62940	liquid
40.890	0.10132	0.99187	1.0082	3.0848	3.0866	10.525	73.310	75.295	1530.4	-0.21151	641.96	0.62964	liquid
41.073	0.10132	0.99180	1.0083	3.0986	3.1004	10.569	73.295	75.295	1530.6	-0.21140	639.78	0.62988	liquid
41.256	0.10132	0.99173	1.0083	3.1124	3.1142	10.613	73.280	75.296	1530.9	-0.21129	637.61	0.63011	liquid
41.440	0.10132	0.99166	1.0084	3.1262	3.1280	10.657	73.264	75.296	1531.2	-0.21118	635.45	0.63035	liquid
41.623	0.10132	0.99159	1.0085	3.1400	3.1418	10.701	73.249	75.297	1531.5	-0.21108	633.30	0.63058	liquid
41.806	0.10132	0.99151	1.0086	3.1538	3.1557	10.744	73.234	75.297	1531.8	-0.21097	631.16	0.63082	liquid
41.990	0.10132	0.99144	1.0086	3.1676	3.1695	10.788	73.219	75.297	1532.1	-0.21086	629.04	0.63105	liquid
42.173	0.10132	0.99137	1.0087	3.1814	3.1833	10.832	73.203	75.298	1532.4	-0.21075	626.93	0.63128	liquid
42.356	0.10132	0.99129	1.0088	3.1952	3.1971	10.876	73.188	75.298	1532.6	-0.21065	624.83	0.63151	liquid
42.539	0.10132	0.99122	1.0089	3.2090	3.2109	10.919	73.173	75.299	1532.9	-0.21054	622.74	0.63174	liquid
42.723	0.10132	0.99115	1.0089	3.2228	3.2247	10.963	73.157	75.299	1533.2	-0.21043	620.66	0.63197	liquid
42.906	0.10132	0.99107	1.0090	3.2366	3.2385	11.007	73.142	75.300	1533.5	-0.21032	618.60	0.63220	liquid
43.089	0.10132	0.99100	1.0091	3.2504	3.2523	11.051	73.126	75.300	1533.7	-0.21022	616.54	0.63243	liquid
43.273	0.10132	0.99093	1.0092	3.2642	3.2661	11.094	73.111	75.301	1534.0	-0.21011	614.50	0.63266	liquid
43.456	0.10132	0.99085	1.0092	3.2780	3.2799	11.138	73.096	75.301	1534.3	-0.21000	612.46	0.63289	liquid
43.639	0.10132	0.99078	1.0093	3.2918	3.2937	11.181	73.080	75.302	1534.5	-0.20990	610.44	0.63312	liquid
43.823	0.10132	0.99070	1.0094	3.3056	3.3075	11.225	73.065	75.302	1534.8	-0.20979	608.43	0.63334	liquid
44.006	0.10132	0.99063	1.0095	3.3195	3.3213	11.268	73.049	75.303	1535.1	-0.20968	606.43	0.63357	liquid
44.189	0.10132	0.99055	1.0095	3.3333	3.3351	11.312	73.034	75.304	1535.3	-0.20958	604.44	0.63379	liquid
44.373	0.10132	0.99047	1.0096	3.3471	3.3489	11.355	73.018	75.304	1535.6	-0.20947	602.46	0.63402	liquid
44.556	0.10132	0.99040	1.0097	3.3609	3.3627	11.399	73.002	75.305	1535.8	-0.20936	600.49	0.63424	liquid
44.739	0.10132	0.99032	1.0098	3.3747	3.3765	11.442	72.987	75.305	1536.1	-0.20926	598.54	0.63447	liquid
44.923	0.10132	0.99025	1.0099	3.3885	3.3903	11.486	72.971	75.306	1536.3	-0.20915	596.59	0.63469	liquid
45.106	0.10132	0.99017	1.0099	3.4023	3.4041	11.529	72.956	75.307	1536.6	-0.20904	594.65	0.63491	liquid
45.289	0.10132	0.99009	1.0100	3.4161	3.4179	11.573	72.940	75.307	1536.8	-0.20894	592.72	0.63513	liquid
45.473	0.10132	0.99001	1.0101	3.4299	3.4317	11.616	72.924	75.308	1537.1	-0.20883	590.81	0.63535	liquid
45.656	0.10132	0.98994	1.0102	3.4437	3.4455	11.659	72.909	75.309	1537.3	-0.20873	588.90	0.63557	liquid
45.839	0.10132	0.98986	1.0102	3.4575	3.4593	11.702	72.893	75.309	1537.6	-0.20862	587.01	0.63579	liquid
46.022	0.10132	0.98978	1.0103	3.4713	3.4731	11.746	72.877	75.310	1537.8	-0.20852	585.12	0.63601	liquid
46.206	0.10132	0.98970	1.0104	3.4851	3.4870	11.789	72.862	75.311	1538.1	-0.20841	583.24	0.63623	liquid
46.389	0.10132	0.98962	1.0105	3.4989	3.5008	11.832	72.846	75.312	1538.3	-0.20831	581.38	0.63645	liquid
46.572	0.10132	0.98955	1.0106	3.5127	3.5146	11.875	72.830	75.312	1538.5	-0.20820	579.52	0.63667	liquid
46.756	0.10132	0.98947	1.0106	3.5265	3.5284	11.919	72.814	75.313	1538.8	-0.20809	577.67	0.63688	liquid
46.939	0.10132	0.98939	1.0107	3.5403	3.5422	11.962	72.799	75.314	1539.0	-0.20799	575.83	0.63710	liquid
47.122	0.10132	0.98931	1.0108	3.5541	3.5560	12.005	72.783	75.315	1539.2	-0.20788	574.01	0.63732	liquid
47.306	0.10132	0.98923	1.0109	3.5679	3.5698	12.048	72.767	75.315	1539.4	-0.20778	572.19	0.63753	liquid
47.489	0.10132	0.98915	1.0110	3.5818	3.5836	12.091	72.751	75.316	1539.7	-0.20768	570.38	0.63775	liquid
47.672	0.10132	0.98907	1.0111	3.5956	3.5974	12.134	72.735	75.317	1539.9	-0.20757	568.58	0.63796	liquid
47.856	0.10132	0.98899	1.0111	3.6094	3.6112	12.177	72.719	75.318	1540.1	-0.20747	566.79	0.63817	liquid
48.039	0.10132	0.98891	1.0112	3.6232	3.6250	12.220	72.704	75.319	1540.3	-0.20736	565.01	0.63838	liquid
48.222	0.10132	0.98883	1.0113	3.6370	3.6388	12.263	72.688	75.319	1540.6	-0.20726	563.24	0.63860	liquid
48.406	0.10132	0.98875	1.0114	3.6508	3.6526	12.306	72.672	75.320	1540.8	-0.20715	561.47	0.63881	liquid
48.589	0.10132	0.98867	1.0115	3.6646	3.6664	12.349	72.656	75.321	1541.0	-0.20705	559.72	0.63902	liquid
48.772	0.10132	0.98859	1.0115	3.6784	3.6802	12.392	72.640	75.322	1541.2	-0.20694	557.97	0.63923	liquid
48.956	0.10132	0.98850	1.0116	3.6922	3.6941	12.435	72.624	75.323	1541.4	-0.20684	556.24	0.63944	liquid
49.139	0.10132	0.98842	1.0117	3.7060	3.7079	12.478	72.608	75.324	1541.6	-0.20674	554.51	0.63965	liquid
49.322	0.10132	0.98834	1.0118	3.7198	3.7217	12.520	72.592	75.325	1541.8	-0.20663	552.79	0.63986	liquid
49.505	0.10132	0.98826	1.0119	3.7336	3.7355	12.563	72.576	75.326	1542.0	-0.20653	551.08	0.64006	liquid
49.689	0.10132	0.98818	1.0120	3.7474	3.7493	12.606	72.560	75.326	1542.2	-0.20642	549.38	0.64027	liquid
49.872	0.10132	0.98809	1.0121	3.7613	3.7631	12.649	72.544	75.327	1542.4	-0.20632	547.69	0.64048	liquid
50.055	0.10132	0.98801	1.0121	3.7751	3.7769	12.691	72.528	75.328	1542.6	-0.20622	546.01	0.64068	liquid
50.239	0.10132	0.98793	1.0122	3.7889	3.7907	12.734	72.512	75.329	1542.8	-0.20611	544.33	0.64089	liquid
50.422	0.10132	0.98784	1.0123	3.8027	3.8045	12.777	72.496	75.330	1543.0	-0.20601	542.67	0.64109	liquid
50.605	0.10132	0.98776	1.0124	3.8165	3.8183	12.820	72.480	75.331	1543.2	-0.20590	541.01	0.64130	liquid
50.789	0.10132	0.98768	1.0125	3.8303	3.8321	12.862	72.464	75.332	1543.4	-0.20580	539.36	0.64150	liquid
50.972	0.10132	0.98759	1.0126	3.8441	3.8460	12.905	72.447	75.333	1543.6	-0.20570	537.72	0.64170	liquid
51.155	0.10132	0.98751	1.0126	3.8579	3.8598	12.947	72.431	75.334	1543.8	-0.20559	536.08	0.64191	liquid
51.339	0.10132	0.98742	1.0127	3.8717	3.8736	12.990	72.415	75.335	1544.0	-0.20549	534.46	0.64211	liquid
51.522	0.10132	0.98734	1.0128	3.8855	3.8874	13.033	72.399	75.336	1544.2	-0.20539	532.84	0.64231	liquid
51.705	0.10132	0.98725	1.0129	3.8993	3.9012	13.075	72.383	75.337	1544.4	-0.20528	531.23	0.64251	liquid
51.889	0.10132	0.98717	1.0130	3.9132	3.9150	13.118	72.367	75.338	1544.5	-0.20518	529.63	0.64271	liquid
52.072	0.10132	0.98708	1.0131	3.9270	3.9288	13.160	72.350	75.339	1544.7	-0.20508	528.04	0.64291	liquid
52.255	0.10132	0.98700	1.0132	3.9408	3.9426	13.202	72.334	75.340	1544.9	-0.20498	526.45	0.64311	liquid
52.439	0.10132	0.98691	1.0133	3.9546	3.9564	13.245	72.318	75.341	1545.1	-0.20487	524.87	0.64331	liquid
52.622	0.10132	0.98683	1.0133	3.9684	3.9702	13.287	72.302	75.342	1545.3	-0.20477	523.30	0.64351	liquid
52.805	0.10132	0.98674	1.0134	3.9822	3.9841	13.330	72.285	75.343	1545.4	-0.20467	521.74	0.64370	liquid
52.989	0.10132	0.98665	1.0135	3.9960	3.9979	13.372	72.269	75.345	1545.6	-0.20456	520.19	0.64390	liquid
53.172	0.10132	0.98657	1.0136	4.0098	4.0117	13.414	72.253	75.346	1545.8	-0.20446	518.64	0.64410	liquid
53.355	0.10132	0.98648	1.0137	4.0236	4.0255	13.457	72.236	75.347	1545.9	-0.20436	517.10	0.64429	liquid
53.538	0.10132	0.98639	1.0138	4.0375	4.0393	13.499	72.220	75.348	1546.1	-0.20426	515.57	0.64449	liquid
53.722	0.10132	0.98631	1.0139	4.0513	4.0531	13.541	72.204	75.349	1546.3	-0.20415	514.05	0.64468	liquid
53.905	0.10132	0.98622	1.0140	4.0651	4.0669	13.584	72.187	75.350	1546.4	-0.20405	512.53	0.64487	liquid
54.088	0.10132	0.98613	1.0141	4.0789	4.0807	13.626	72.171	75.351	1546.6	-0.20395	511.02	0.64507	liquid
54.272	0.10132	0.98604	1.0142	4.0927	4.0946	13.668	72.155	75.352	1546.8	-0.20385	509.52	0.64526	liquid
54.455	0.10132	0.98596	1.0142	4.1065	4.1084	13.710	72.138	75.354	1546.9	-0.20374	508.02	0.64545	liquid
54.638	0.10132	0.98587	1.0143	4.1203	4.1222	13.752	72.122	75.355	1547.1	-0.20364	506.54	0.64564	liquid
54.822	0.10132	0.98578	1.0144	4.1342	4.1360	13.794	72.106	75.356	1547.2	-0.20354	505.06	0.64584	liquid
55.005	0.10132	0.98569	1.0145	4.1480	4.1498	13.837	72.089	75.357	1547.4	-0.20344	503.58	0.64603	liquid
55.188	0.10132	0.98560	1.0146	4.1618	4.1636	13.879	72.073	75.358	1547.5	-0.20334	502.12	0.64622	liquid
55.372	0.10132	0.98551	1.0147	4.1756	4.1774	13.921	72.056	75.360	1547.7	-0.20323	500.66	0.64641	liquid
55.555	0.10132	0.98542	1.0148	4.1894	4.1913	13.963	72.040	75.361	1547.8	-0.20313	499.21	0.64659	liquid
55.738	0.10132	0.98533	1.0149	4.2032	4.2051	14.005	72.023	75.362	1548.0	-0.20303	497.76	0.64678	liquid
55.922	0.10132	0.98524	1.0150	4.2170	4.2189	14.047	72.007	75.363	1548.1	-0.20293	496.33	0.64697	liquid
56.105	0.10132	0.98515	1.0151	4.2309	4.2327	14.089	71.990	75.364	1548.3	-0.20283	494.89	0.64716	liquid
56.288	0.10132	0.98506	1.0152	4.2447	4.2465	14.131	71.974	75.366	1548.4	-0.20272	493.47	0.64734	liquid
56.472	0.10132	0.98497	1.0153	4.2585	4.2603	14.173	71.957	75.367	1548.6	-0.20262	492.05	0.64753	liquid
56.655	0.10132	0.98488	1.0153	4.2723	4.2742	14.214	71.941	75.368	1548.7	-0.20252	490.64	0.64771	liquid
56.838	0.10132	0.98479	1.0154	4.2861	4.2880	14.256	71.924	75.370	1548.8	-0.20242	489.24	0.64790	liquid
57.021	0.10132	0.98470	1.0155	4.2999	4.3018	14.298	71.908	75.371	1549.0	-0.20232	487.84	0.64808	liquid
57.205	0.10132	0.98461	1.0156	4.3137	4.3156	14.340	71.891	75.372	1549.1	-0.20221	486.45	0.64827	liquid
57.388	0.10132	0.98452	1.0157	4.3276	4.3294	14.382	71.875	75.373	1549.3	-0.20211	485.07	0.64845	liquid
57.571	0.10132	0.98443	1.0158	4.3414	4.3432	14.424	71.858	75.375	1549.4	-0.20201	483.69	0.64863	liquid
57.755	0.10132	0.98434	1.0159	4.3552	4.3571	14.465	71.841	75.376	1549.5	-0.20191	482.32	0.64882	liquid
57.938	0.10132	0.98424	1.0160	4.3690	4.3709	14.507	71.825	75.377	1549.6	-0.20181	480.95	0.64900	liquid
58.121	0.10132	0.98415	1.0161	4.3828	4.3847	14.549	71.808	75.379	1549.8	-0.20171	479.59	0.64918	liquid
58.305	0.10132	0.98406	1.0162	4.3967	4.3985	14.591	71.791	75.380	1549.9	-0.20161	478.24	0.64936	liquid
58.488	0.10132	0.98397	1.0163	4.4105	4.4123	14.632	71.775	75.381	1550.0	-0.20150	476.90	0.64954	liquid
58.671	0.10132	0.98387	1.0164	4.4243	4.4261	14.674	71.758	75.383	1550.1	-0.20140	475.56	0.64972	liquid
58.855	0.10132	0.98378	1.0165	4.4381	4.4400	14.716	71.741	75.384	1550.3	-0.20130	474.22	0.64990	liquid
59.038	0.10132	0.98369	1.0166	4.4519	4.4538	14.757	71.725	75.386	1550.4	-0.20120	472.90	0.65007	liquid
59.221	0.10132	0.98359	1.0167	4.4657	4.4676	14.799	71.708	75.387	1550.5	-0.20110	471.58	0.65025	liquid
59.405	0.10132	0.98350	1.0168	4.4796	4.4814	14.840	71.691	75.388	1550.6	-0.20100	470.26	0.65043	liquid
59.588	0.10132	0.98341	1.0169	4.4934	4.4952	14.882	71.675	75.390	1550.7	-0.20090	468.95	0.65061	liquid
59.771	0.10132	0.98331	1.0170	4.5072	4.5091	14.923	71.658	75.391	1550.8	-0.20080	467.65	0.65078	liquid
59.955	0.10132	0.98322	1.0171	4.5210	4.5229	14.965	71.641	75.393	1550.9	-0.20069	466.36	0.65096	liquid
60.138	0.10132	0.98312	1.0172	4.5349	4.5367	15.006	71.625	75.394	1551.1	-0.20059	465.07	0.65113	liquid
60.321	0.10132	0.98303	1.0173	4.5487	4.5505	15.048	71.608	75.396	1551.2	-0.20049	463.78	0.65131	liquid
60.504	0.10132	0.98294	1.0174	4.5625	4.5643	15.089	71.591	75.397	1551.3	-0.20039	462.50	0.65148	liquid
60.688	0.10132	0.98284	1.0175	4.5763	4.5782	15.131	71.574	75.399	1551.4	-0.20029	461.23	0.65165	liquid
60.871	0.10132	0.98275	1.0176	4.5901	4.5920	15.172	71.557	75.400	1551.5	-0.20019	459.96	0.65183	liquid
61.054	0.10132	0.98265	1.0177	4.6040	4.6058	15.213	71.541	75.401	1551.6	-0.20009	458.70	0.65200	liquid
61.238	0.10132	0.98255	1.0178	4.6178	4.6196	15.255	71.524	75.403	1551.7	-0.19999	457.45	0.65217	liquid
61.421	0.10132	0.98246	1.0179	4.6316	4.6335	15.296	71.507	75.405	1551.8	-0.19989	456.20	0.65234	liquid
61.604	0.10132	0.98236	1.0180	4.6454	4.6473	15.337	71.490	75.406	1551.9	-0.19978	454.95	0.65251	liquid
61.788	0.10132	0.98227	1.0181	4.6592	4.6611	15.379	71.473	75.408	1552.0	-0.19968	453.72	0.65268	liquid
61.971	0.10132	0.98217	1.0182	4.6731	4.6749	15.420	71.457	75.409	1552.1	-0.19958	452.48	0.65285	liquid
62.154	0.10132	0.98207	1.0183	4.6869	4.6888	15.461	71.440	75.411	1552.2	-0.19948	451.26	0.65302	liquid
62.338	0.10132	0.98198	1.0184	4.7007	4.7026	15.502	71.423	75.412	1552.2	-0.19938	450.03	0.65319	liquid
62.521	0.10132	0.98188	1.0185	4.7145	4.7164	15.544	71.406	75.414	1552.3	-0.19928	448.82	0.65336	liquid
62.704	0.10132	0.98178	1.0186	4.7284	4.7302	15.585	71.389	75.415	1552.4	-0.19918	447.61	0.65352	liquid
62.888	0.10132	0.98169	1.0187	4.7422	4.7441	15.626	71.372	75.417	1552.5	-0.19908	446.40	0.65369	liquid
63.071	0.10132	0.98159	1.0188	4.7560	4.7579	15.667	71.355	75.418	1552.6	-0.19898	445.20	0.65386	liquid
63.254	0.10132	0.98149	1.0189	4.7698	4.7717	15.708	71.339	75.420	1552.7	-0.19888	444.01	0.65402	liquid
63.438	0.10132	0.98139	1.0190	4.7837	4.7855	15.749	71.322	75.422	1552.8	-0.19878	442.82	0.65419	liquid
63.621	0.10132	0.98129	1.0191	4.7975	4.7994	15.790	71.305	75.423	1552.8	-0.19868	441.64	0.65435	liquid
63.804	0.10132	0.98120	1.0192	4.8113	4.8132	15.831	71.288	75.425	1552.9	-0.19858	440.46	0.65452	liquid
63.988	0.10132	0.98110	1.0193	4.8251	4.8270	15.872	71.271	75.427	1553.0	-0.19847	439.29	0.65468	liquid
64.171	0.10132	0.98100	1.0194	4.8390	4.8408	15.913	71.254	75.428	1553.1	-0.19837	438.12	0.65484	liquid
64.354	0.10132	0.98090	1.0195	4.8528	4.8547	15.954	71.237	75.430	1553.2	-0.19827	436.96	0.65501	liquid
64.537	0.10132	0.98080	1.0196	4.8666	4.8685	15.995	71.220	75.431	1553.2	-0.19817	435.80	0.65517	liquid
64.721	0.10132	0.98070	1.0197	4.8805	4.8823	16.036	71.203	75.433	1553.3	-0.19807	434.65	0.65533	liquid
64.904	0.10132	0.98060	1.0198	4.8943	4.8961	16.077	71.186	75.435	1553.4	-0.19797	433.50	0.65549	liquid
65.087	0.10132	0.98050	1.0199	4.9081	4.9100	16.118	71.169	75.437	1553.4	-0.19787	432.36	0.65565	liquid
65.271	0.10132	0.98040	1.0200	4.9219	4.9238	16.159	71.152	75.438	1553.5	-0.19777	431.22	0.65581	liquid
65.454	0.10132	0.98030	1.0201	4.9358	4.9376	16.200	71.135	75.440	1553.6	-0.19767	430.09	0.65597	liquid
65.637	0.10132	0.98020	1.0202	4.9496	4.9515	16.241	71.118	75.442	1553.6	-0.19757	428.96	0.65613	liquid
65.821	0.10132	0.98010	1.0203	4.9634	4.9653	16.281	71.101	75.443	1553.7	-0.19747	427.84	0.65629	liquid
66.004	0.10132	0.98000	1.0204	4.9773	4.9791	16.322	71.084	75.445	1553.8	-0.19737	426.73	0.65645	liquid
66.187	0.10132	0.97990	1.0205	4.9911	4.9930	16.363	71.067	75.447	1553.8	-0.19727	425.61	0.65660	liquid
66.371	0.10132	0.97980	1.0206	5.0049	5.0068	16.404	71.050	75.449	1553.9	-0.19717	424.51	0.65676	liquid
66.554	0.10132	0.97970	1.0207	5.0188	5.0206	16.445	71.033	75.450	1553.9	-0.19707	423.40	0.65692	liquid
66.737	0.10132	0.97960	1.0208	5.0326	5.0344	16.485	71.016	75.452	1554.0	-0.19697	422.31	0.65707	liquid
66.921	0.10132	0.97950	1.0209	5.0464	5.0483	16.526	70.999	75.454	1554.0	-0.19687	421.21	0.65723	liquid
67.104	0.10132	0.97940	1.0210	5.0602	5.0621	16.567	70.982	75.456	1554.1	-0.19676	420.13	0.65738	liquid
67.287	0.10132	0.97929	1.0211	5.0741	5.0759	16.607	70.965	75.457	1554.1	-0.19666	419.04	0.65754	liquid
67.471	0.10132	0.97919	1.0213	5.0879	5.0898	16.648	70.948	75.459	1554.2	-0.19656	417.96	0.65769	liquid
67.654	0.10132	0.97909	1.0214	5.1017	5.1036	16.688	70.931	75.461	1554.2	-0.19646	416.89	0.65784	liquid
67.837	0.10132	0.97899	1.0215	5.1156	5.1174	16.729	70.914	75.463	1554.3	-0.19636	415.82	0.65800	liquid
68.020	0.10132	0.97888	1.0216	5.1294	5.1313	16.770	70.897	75.465	1554.3	-0.19626	414.76	0.65815	liquid
68.204	0.10132	0.97878	1.0217	5.1432	5.1451	16.810	70.879	75.467	1554.4	-0.19616	413.70	0.65830	liquid
68.387	0.10132	0.97868	1.0218	5.1571	5.1589	16.851	70.862	75.468	1554.4	-0.19606	412.64	0.65845	liquid
68.570	0.10132	0.97858	1.0219	5.1709	5.1728	16.891	70.845	75.470	1554.5	-0.19596	411.59	0.65860	liquid
68.754	0.10132	0.97847	1.0220	5.1848	5.1866	16.932	70.828	75.472	1554.5	-0.19586	410.54	0.65875	liquid
68.937	0.10132	0.97837	1.0221	5.1986	5.2005	16.972	70.811	75.474	1554.5	-0.19576	409.50	0.65890	liquid
69.120	0.10132	0.97826	1.0222	5.2124	5.2143	17.012	70.794	75.476	1554.6	-0.19566	408.46	0.65905	liquid
69.304	0.10132	0.97816	1.0223	5.2263	5.2281	17.053	70.777	75.478	1554.6	-0.19556	407.43	0.65920	liquid
69.487	0.10132	0.97806	1.0224	5.2401	5.2420	17.093	70.760	75.480	1554.7	-0.19546	406.40	0.65935	liquid
69.670	0.10132	0.97795	1.0225	5.2539	5.2558	17.134	70.743	75.482	1554.7	-0.19536	405.38	0.65949	liquid
69.854	0.10132	0.97785	1.0227	5.2678	5.2696	17.174	70.725	75.484	1554.7	-0.19526	404.36	0.65964	liquid
70.037	0.10132	0.97774	1.0228	5.2816	5.2835	17.214	70.708	75.486	1554.8	-0.19516	403.34	0.65979	liquid
70.220	0.10132	0.97764	1.0229	5.2954	5.2973	17.255	70.691	75.488	1554.8	-0.19505	402.33	0.65993	liquid
70.404	0.10132	0.97753	1.0230	5.3093	5.3111	17.295	70.674	75.489	1554.8	-0.19495	401.33	0.66008	liquid
70.587	0.10132	0.97743	1.0231	5.3231	5.3250	17.335	70.657	75.491	1554.8	-0.19485	400.32	0.66022	liquid
70.770	0.10132	0.97732	1.0232	5.3370	5.3388	17.375	70.640	75.493	1554.9	-0.19475	399.33	0.66037	liquid
70.954	0.10132	0.97722	1.0233	5.3508	5.3527	17.416	70.622	75.495	1554.9	-0.19465	398.33	0.66051	liquid
71.137	0.10132	0.97711	1.0234	5.3646	5.3665	17.456	70.605	75.497	1554.9	-0.19455	397.34	0.66066	liquid
71.320	0.10132	0.97701	1.0235	5.3785	5.3803	17.496	70.588	75.499	1554.9	-0.19445	396.36	0.66080	liquid
71.503	0.10132	0.97690	1.0236	5.3923	5.3942	17.536	70.571	75.501	1554.9	-0.19435	395.37	0.66094	liquid
71.687	0.10132	0.97679	1.0238	5.4062	5.4080	17.576	70.554	75.503	1555.0	-0.19425	394.40	0.66108	liquid
71.870	0.10132	0.97669	1.0239	5.4200	5.4219	17.617	70.536	75.505	1555.0	-0.19415	393.42	0.66122	liquid
72.053	0.10132	0.97658	1.0240	5.4338	5.4357	17.657	70.519	75.508	1555.0	-0.19405	392.45	0.66137	liquid
72.237	0.10132	0.97647	1.0241	5.4477	5.4496	17.697	70.502	75.510	1555.0	-0.19395	391.49	0.66151	liquid
72.420	0.10132	0.97637	1.0242	5.4615	5.4634	17.737	70.485	75.512	1555.0	-0.19385	390.53	0.66165	liquid
72.603	0.10132	0.97626	1.0243	5.4754	5.4772	17.777	70.468	75.514	1555.0	-0.19375	389.57	0.66179	liquid
72.787	0.10132	0.97615	1.0244	5.4892	5.4911	17.817	70.450	75.516	1555.0	-0.19365	388.62	0.66192	liquid
72.970	0.10132	0.97605	1.0245	5.5031	5.5049	17.857	70.433	75.518	1555.1	-0.19354	387.67	0.66206	liquid
73.153	0.10132	0.97594	1.0247	5.5169	5.5188	17.897	70.416	75.520	1555.1	-0.19344	386.72	0.66220	liquid
73.337	0.10132	0.97583	1.0248	5.5307	5.5326	17.937	70.399	75.522	1555.1	-0.19334	385.78	0.66234	liquid
73.520	0.10132	0.97572	1.0249	5.5446	5.5465	17.977	70.382	75.524	1555.1	-0.19324	384.84	0.66247	liquid
73.703	0.10132	0.97561	1.0250	5.5584	5.5603	18.017	70.364	75.526	1555.1	-0.19314	383.91	0.66261	liquid
73.887	0.10132	0.97550	1.0251	5.5723	5.5741	18.057	70.347	75.528	1555.1	-0.19304	382.98	0.66275	liquid
74.070	0.10132	0.97540	1.0252	5.5861	5.5880	18.097	70.330	75.531	1555.1	-0.19294	382.05	0.66288	liquid
74.253	0.10132	0.97529	1.0253	5.6000	5.6018	18.136	70.313	75.533	1555.1	-0.19284	381.13	0.66302	liquid
74.437	0.10132	0.97518	1.0255	5.6138	5.6157	18.176	70.295	75.535	1555.1	-0.19274	380.21	0.66315	liquid
74.620	0.10132	0.97507	1.0256	5.6277	5.6295	18.216	70.278	75.537	1555.1	-0.19264	379.30	0.66329	liquid
74.803	0.10132	0.97496	1.0257	5.6415	5.6434	18.256	70.261	75.539	1555.1	-0.19254	378.39	0.66342	liquid
74.987	0.10132	0.97485	1.0258	5.6554	5.6572	18.296	70.243	75.542	1555.1	-0.19243	377.48	0.66355	liquid
75.170	0.10132	0.97474	1.0259	5.6692	5.6711	18.335	70.226	75.544	1555.1	-0.19233	376.58	0.66368	liquid
75.353	0.10132	0.97463	1.0260	5.6831	5.6849	18.375	70.209	75.546	1555.1	-0.19223	375.68	0.66382	liquid
75.536	0.10132	0.97452	1.0261	5.6969	5.6988	18.415	70.192	75.548	1555.0	-0.19213	374.78	0.66395	liquid
75.720	0.10132	0.97441	1.0263	5.7107	5.7126	18.455	70.174	75.550	1555.0	-0.19203	373.89	0.66408	liquid
75.903	0.10132	0.97430	1.0264	5.7246	5.7265	18.494	70.157	75.553	1555.0	-0.19193	373.00	0.66421	liquid
76.086	0.10132	0.97419	1.0265	5.7384	5.7403	18.534	70.140	75.555	1555.0	-0.19183	372.12	0.66434	liquid
76.270	0.10132	0.97408	1.0266	5.7523	5.7542	18.574	70.123	75.557	1555.0	-0.19173	371.24	0.66447	liquid
76.453	0.10132	0.97397	1.0267	5.7661	5.7680	18.613	70.105	75.559	1555.0	-0.19163	370.36	0.66460	liquid
76.636	0.10132	0.97386	1.0268	5.7800	5.7819	18.653	70.088	75.562	1555.0	-0.19152	369.48	0.66472	liquid
76.820	0.10132	0.97375	1.0270	5.7939	5.7957	18.692	70.071	75.564	1554.9	-0.19142	368.61	0.66485	liquid
77.003	0.10132	0.97364	1.0271	5.8077	5.8096	18.732	70.053	75.566	1554.9	-0.19132	367.75	0.66498	liquid
77.186	0.10132	0.97352	1.0272	5.8216	5.8234	18.772	70.036	75.569	1554.9	-0.19122	366.88	0.66511	liquid
77.370	0.10132	0.97341	1.0273	5.8354	5.8373	18.811	70.019	75.571	1554.9	-0.19112	366.02	0.66523	liquid
77.553	0.10132	0.97330	1.0274	5.8493	5.8511	18.851	70.001	75.573	1554.9	-0.19102	365.17	0.66536	liquid
77.736	0.10132	0.97319	1.0276	5.8631	5.8650	18.890	69.984	75.576	1554.8	-0.19092	364.31	0.66549	liquid
77.920	0.10132	0.97308	1.0277	5.8770	5.8788	18.930	69.967	75.578	1554.8	-0.19081	363.46	0.66561	liquid
78.103	0.10132	0.97296	1.0278	5.8908	5.8927	18.969	69.950	75.580	1554.8	-0.19071	362.62	0.66573	liquid
78.286	0.10132	0.97285	1.0279	5.9047	5.9066	19.008	69.932	75.583	1554.8	-0.19061	361.77	0.66586	liquid
78.470	0.10132	0.97274	1.0280	5.9185	5.9204	19.048	69.915	75.585	1554.7	-0.19051	360.93	0.66598	liquid
78.653	0.10132	0.97263	1.0281	5.9324	5.9343	19.087	69.898	75.588	1554.7	-0.19041	360.10	0.66611	liquid
78.836	0.10132	0.97251	1.0283	5.9463	5.9481	19.127	69.880	75.590	1554.7	-0.19031	359.26	0.66623	liquid
79.019	0.10132	0.97240	1.0284	5.9601	5.9620	19.166	69.863	75.592	1554.6	-0.19020	358.43	0.66635	liquid
79.203	0.10132	0.97229	1.0285	5.9740	5.9758	19.205	69.846	75.595	1554.6	-0.19010	357.61	0.66647	liquid
79.386	0.10132	0.97217	1.0286	5.9878	5.9897	19.245	69.828	75.597	1554.6	-0.19000	356.78	0.66659	liquid
79.569	0.10132	0.97206	1.0287	6.0017	6.0036	19.284	69.811	75.600	1554.5	-0.18990	355.96	0.66671	liquid
79.753	0.10132	0.97194	1.0289	6.0155	6.0174	19.323	69.794	75.602	1554.5	-0.18980	355.15	0.66683	liquid
79.936	0.10132	0.97183	1.0290	6.0294	6.0313	19.363	69.776	75.605	1554.4	-0.18970	354.33	0.66695	liquid
80.119	0.10132	0.97172	1.0291	6.0433	6.0451	19.402	69.759	75.607	1554.4	-0.18959	353.52	0.66707	liquid
80.303	0.10132	0.97160	1.0292	6.0571	6.0590	19.441	69.742	75.610	1554.4	-0.18949	352.72	0.66719	liquid
80.486	0.10132	0.97149	1.0293	6.0710	6.0729	19.480	69.724	75.612	1554.3	-0.18939	351.91	0.66731	liquid
80.669	0.10132	0.97137	1.0295	6.0848	6.0867	19.519	69.707	75.615	1554.3	-0.18929	351.11	0.66743	liquid
80.853	0.10132	0.97126	1.0296	6.0987	6.1006	19.559	69.690	75.617	1554.2	-0.18919	350.31	0.66754	liquid
81.036	0.10132	0.97114	1.0297	6.1126	6.1144	19.598	69.672	75.620	1554.2	-0.18908	349.52	0.66766	liquid
81.219	0.10132	0.97103	1.0298	6.1264	6.1283	19.637	69.655	75.622	1554.1	-0.18898	348.73	0.66778	liquid
81.403	0.10132	0.97091	1.0300	6.1403	6.1422	19.676	69.638	75.625	1554.1	-0.18888	347.94	0.66789	liquid
81.586	0.10132	0.97080	1.0301	6.1542	6.1560	19.715	69.620	75.628	1554.0	-0.18878	347.15	0.66801	liquid
81.769	0.10132	0.97068	1.0302	6.1680	6.1699	19.754	69.603	75.630	1554.0	-0.18867	346.37	0.66812	liquid
81.953	0.10132	0.97056	1.0303	6.1819	6.1838	19.793	69.586	75.633	1553.9	-0.18857	345.59	0.66824	liquid
82.136	0.10132	0.97045	1.0305	6.1957	6.1976	19.832	69.568	75.635	1553.9	-0.18847	344.82	0.66835	liquid
82.319	0.10132	0.97033	1.0306	6.2096	6.2115	19.871	69.551	75.638	1553.8	-0.18837	344.04	0.66846	liquid
82.502	0.10132	0.97021	1.0307	6.2235	6.2254	19.910	69.534	75.641	1553.8	-0.18826	343.27	0.66858	liquid
82.686	0.10132	0.97010	1.0308	6.2373	6.2392	19.949	69.516	75.643	1553.7	-0.18816	342.51	0.66869	liquid
82.869	0.10132	0.96998	1.0309	6.2512	6.2531	19.988	69.499	75.646	1553.6	-0.18806	341.74	0.66880	liquid
83.052	0.10132	0.96986	1.0311	6.2651	6.2670	20.027	69.482	75.649	1553.6	-0.18796	340.98	0.66891	liquid
83.236	0.10132	0.96975	1.0312	6.2789	6.2808	20.066	69.464	75.651	1553.5	-0.18785	340.22	0.66902	liquid
83.419	0.10132	0.96963	1.0313	6.2928	6.2947	20.105	69.447	75.654	1553.5	-0.18775	339.47	0.66913	liquid
83.602	0.10132	0.96951	1.0314	6.3067	6.3086	20.144	69.430	75.657	1553.4	-0.18765	338.72	0.66924	liquid
83.786	0.10132	0.96939	1.0316	6.3205	6.3224	20.183	69.412	75.659	1553.3	-0.18755	337.97	0.66935	liquid
83.969	0.10132	0.96928	1.0317	6.3344	6.3363	20.221	69.395	75.662	1553.3	-0.18744	337.22	0.66946	liquid
84.152	0.10132	0.96916	1.0318	6.3483	6.3502	20.260	69.377	75.665	1553.2	-0.18734	336.48	0.66957	liquid
84.336	0.10132	0.96904	1.0319	6.3622	6.3640	20.299	69.360	75.667	1553.1	-0.18724	335.74	0.66968	liquid
84.519	0.10132	0.96892	1.0321	6.3760	6.3779	20.338	69.343	75.670	1553.1	-0.18713	335.00	0.66979	liquid
84.702	0.10132	0.96880	1.0322	6.3899	6.3918	20.377	69.325	75.673	1553.0	-0.18703	334.26	0.66989	liquid
84.886	0.10132	0.96869	1.0323	6.4038	6.4057	20.415	69.308	75.676	1552.9	-0.18693	333.53	0.67000	liquid
85.069	0.10132	0.96857	1.0325	6.4176	6.4195	20.454	69.291	75.679	1552.8	-0.18682	332.80	0.67011	liquid
85.252	0.10132	0.96845	1.0326	6.4315	6.4334	20.493	69.273	75.681	1552.8	-0.18672	332.07	0.67021	liquid
85.436	0.10132	0.96833	1.0327	6.4454	6.4473	20.532	69.256	75.684	1552.7	-0.18662	331.35	0.67032	liquid
85.619	0.10132	0.96821	1.0328	6.4593	6.4612	20.570	69.239	75.687	1552.6	-0.18651	330.63	0.67042	liquid
85.802	0.10132	0.96809	1.0330	6.4731	6.4750	20.609	69.221	75.690	1552.5	-0.18641	329.91	0.67053	liquid
85.986	0.10132	0.96797	1.0331	6.4870	6.4889	20.648	69.204	75.693	1552.5	-0.18631	329.19	0.67063	liquid
86.169	0.10132	0.96785	1.0332	6.5009	6.5028	20.686	69.187	75.696	1552.4	-0.18620	328.48	0.67073	liquid
86.352	0.10132	0.96773	1.0333	6.5148	6.5167	20.725	69.169	75.698	1552.3	-0.18610	327.77	0.67084	liquid
86.535	0.10132	0.96761	1.0335	6.5286	6.5305	20.763	69.152	75.701	1552.2	-0.18600	327.06	0.67094	liquid
86.719	0.10132	0.96749	1.0336	6.5425	6.5444	20.802	69.135	75.704	1552.1	-0.18589	326.36	0.67104	liquid
86.902	0.10132	0.96737	1.0337	6.5564	6.5583	20.841	69.117	75.707	1552.1	-0.18579	325.66	0.67114	liquid
87.085	0.10132	0.96725	1.0339	6.5703	6.5722	20.879	69.100	75.710	1552.0	-0.18569	324.96	0.67124	liquid
87.269	0.10132	0.96713	1.0340	6.5842	6.5860	20.918	69.083	75.713	1551.9	-0.18558	324.26	0.67135	liquid
87.452	0.10132	0.96701	1.0341	6.5980	6.5999	20.956	69.065	75.716	1551.8	-0.18548	323.56	0.67145	liquid
87.635	0.10132	0.96689	1.0342	6.6119	6.6138	20.995	69.048	75.719	1551.7	-0.18537	322.87	0.67154	liquid
87.819	0.10132	0.96676	1.0344	6.6258	6.6277	21.033	69.031	75.722	1551.6	-0.18527	322.18	0.67164	liquid
88.002	0.10132	0.96664	1.0345	6.6397	6.6416	21.072	69.013	75.725	1551.5	-0.18517	321.50	0.67174	liquid
88.185	0.10132	0.96652	1.0346	6.6536	6.6555	21.110	68.996	75.728	1551.4	-0.18506	320.81	0.67184	liquid
88.369	0.10132	0.96640	1.0348	6.6674	6.6693	21.148	68.979	75.731	1551.3	-0.18496	320.13	0.67194	liquid
88.552	0.10132	0.96628	1.0349	6.6813	6.6832	21.187	68.961	75.734	1551.2	-0.18485	319.45	0.67204	liquid
88.735	0.10132	0.96616	1.0350	6.6952	6.6971	21.225	68.944	75.737	1551.1	-0.18475	318.78	0.67213	liquid
88.919	0.10132	0.96603	1.0352	6.7091	6.7110	21.263	68.927	75.740	1551.0	-0.18464	318.10	0.67223	liquid
89.102	0.10132	0.96591	1.0353	6.7230	6.7249	21.302	68.909	75.743	1550.9	-0.18454	317.43	0.67233	liquid
89.285	0.10132	0.96579	1.0354	6.7369	6.7388	21.340	68.892	75.746	1550.8	-0.18444	316.76	0.67242	liquid
89.469	0.10132	0.96567	1.0356	6.7507	6.7526	21.378	68.875	75.749	1550.7	-0.18433	316.09	0.67252	liquid
89.652	0.10132	0.96554	1.0357	6.7646	6.7665	21.417	68.857	75.752	1550.6	-0.18423	315.43	0.67261	liquid
89.835	0.10132	0.96542	1.0358	6.7785	6.7804	21.455	68.840	75.755	1550.5	-0.18412	314.77	0.67270	liquid
90.018	0.10132	0.96530	1.0360	6.7924	6.7943	21.493	68.823	75.758	1550.4	-0.18402	314.11	0.67280	liquid
90.202	0.10132	0.96517	1.0361	6.8063	6.8082	21.531	68.806	75.761	1550.3	-0.18391	313.45	0.67289	liquid
90.385	0.10132	0.96505	1.0362	6.8202	6.8221	21.570	68.788	75.764	1550.2	-0.18381	312.80	0.67298	liquid
90.568	0.10132	0.96493	1.0363	6.8341	6.8360	21.608	68.771	75.768	1550.1	-0.18370	312.15	0.67308	liquid
90.752	0.10132	0.96480	1.0365	6.8480	6.8499	21.646	68.754	75.771	1550.0	-0.18360	311.50	0.67317	liquid
90.935	0.10132	0.96468	1.0366	6.8619	6.8637	21.684	68.736	75.774	1549.9	-0.18349	310.85	0.67326	liquid
91.118	0.10132	0.96455	1.0367	6.8757	6.8776	21.722	68.719	75.777	1549.8	-0.18339	310.20	0.67335	liquid
91.302	0.10132	0.96443	1.0369	6.8896	6.8915	21.760	68.702	75.780	1549.7	-0.18328	309.56	0.67344	liquid
91.485	0.10132	0.96431	1.0370	6.9035	6.9054	21.799	68.684	75.783	1549.6	-0.18318	308.92	0.67353	liquid
91.668	0.10132	0.96418	1.0371	6.9174	6.9193	21.837	68.667	75.787	1549.5	-0.18307	308.28	0.67362	liquid
91.852	0.10132	0.96406	1.0373	6.9313	6.9332	21.875	68.650	75.790	1549.3	-0.18296	307.65	0.67371	liquid
92.035	0.10132	0.96393	1.0374	6.9452	6.9471	21.913	68.633	75.793	1549.2	-0.18286	307.01	0.67380	liquid
92.218	0.10132	0.96381	1.0376	6.9591	6.9610	21.951	68.615	75.796	1549.1	-0.18275	306.38	0.67389	liquid
92.402	0.10132	0.96368	1.0377	6.9730	6.9749	21.989	68.598	75.800	1549.0	-0.18265	305.76	0.67397	liquid
92.585	0.10132	0.96356	1.0378	6.9869	6.9888	22.027	68.581	75.803	1548.9	-0.18254	305.13	0.67406	liquid
92.768	0.10132	0.96343	1.0380	7.0008	7.0027	22.065	68.563	75.806	1548.8	-0.18244	304.51	0.67415	liquid
92.952	0.10132	0.96330	1.0381	7.0147	7.0166	22.103	68.546	75.810	1548.6	-0.18233	303.88	0.67423	liquid
93.135	0.10132	0.96318	1.0382	7.0286	7.0305	22.141	68.529	75.813	1548.5	-0.18222	303.26	0.67432	liquid
93.318	0.10132	0.96305	1.0384	7.0425	7.0444	22.179	68.512	75.816	1548.4	-0.18212	302.65	0.67440	liquid
93.501	0.10132	0.96293	1.0385	7.0564	7.0583	22.217	68.494	75.820	1548.3	-0.18201	302.03	0.67449	liquid
93.685	0.10132	0.96280	1.0386	7.0703	7.0722	22.255	68.477	75.823	1548.1	-0.18190	301.42	0.67457	liquid
93.868	0.10132	0.96267	1.0388	7.0842	7.0861	22.292	68.460	75.826	1548.0	-0.18180	300.81	0.67466	liquid
94.051	0.10132	0.96255	1.0389	7.0981	7.1000	22.330	68.443	75.830	1547.9	-0.18169	300.20	0.67474	liquid
94.235	0.10132	0.96242	1.0390	7.1120	7.1139	22.368	68.425	75.833	1547.7	-0.18159	299.59	0.67482	liquid
94.418	0.10132	0.96229	1.0392	7.1259	7.1278	22.406	68.408	75.836	1547.6	-0.18148	298.99	0.67491	liquid
94.601	0.10132	0.96217	1.0393	7.1398	7.1417	22.444	68.391	75.840	1547.5	-0.18137	298.39	0.67499	liquid
94.785	0.10132	0.96204	1.0395	7.1537	7.1556	22.482	68.374	75.843	1547.4	-0.18126	297.79	0.67507	liquid
94.968	0.10132	0.96191	1.0396	7.1676	7.1695	22.519	68.356	75.847	1547.2	-0.18116	297.19	0.67515	liquid
95.151	0.10132	0.96178	1.0397	7.1815	7.1834	22.557	68.339	75.850	1547.1	-0.18105	296.59	0.67523	liquid
95.335	0.10132	0.96165	1.0399	7.1954	7.1973	22.595	68.322	75.854	1547.0	-0.18094	296.00	0.67531	liquid
95.518	0.10132	0.96153	1.0400	7.2093	7.2112	22.633	68.305	75.857	1546.8	-0.18084	295.41	0.67539	liquid
95.701	0.10132	0.96140	1.0402	7.2232	7.2251	22.670	68.287	75.861	1546.7	-0.18073	294.82	0.67547	liquid
95.885	0.10132	0.96127	1.0403	7.2371	7.2390	22.708	68.270	75.864	1546.5	-0.18062	294.23	0.67555	liquid
96.068	0.10132	0.96114	1.0404	7.2510	7.2529	22.746	68.253	75.868	1546.4	-0.18052	293.65	0.67563	liquid
96.251	0.10132	0.96101	1.0406	7.2649	7.2668	22.783	68.236	75.871	1546.3	-0.18041	293.06	0.67571	liquid
96.435	0.10132	0.96088	1.0407	7.2788	7.2807	22.821	68.218	75.875	1546.1	-0.18030	292.48	0.67579	liquid
96.618	0.10132	0.96076	1.0408	7.2927	7.2946	22.859	68.201	75.878	1546.0	-0.18019	291.91	0.67586	liquid
96.801	0.10132	0.96063	1.0410	7.3067	7.3086	22.896	68.184	75.882	1545.8	-0.18008	291.33	0.67594	liquid
96.985	0.10132	0.96050	1.0411	7.3206	7.3225	22.934	68.167	75.886	1545.7	-0.17998	290.75	0.67602	liquid
97.168	0.10132	0.96037	1.0413	7.3345	7.3364	22.971	68.150	75.889	1545.5	-0.17987	290.18	0.67609	liquid
97.351	0.10132	0.96024	1.0414	7.3484	7.3503	23.009	68.132	75.893	1545.4	-0.17976	289.61	0.67617	liquid
97.534	0.10132	0.96011	1.0415	7.3623	7.3642	23.046	68.115	75.896	1545.2	-0.17965	289.04	0.67624	liquid
97.718	0.10132	0.95998	1.0417	7.3762	7.3781	23.084	68.098	75.900	1545.1	-0.17954	288.47	0.67632	liquid
97.901	0.10132	0.95985	1.0418	7.3901	7.3920	23.121	68.081	75.904	1544.9	-0.17944	287.91	0.67639	liquid
98.084	0.10132	0.95972	1.0420	7.4040	7.4059	23.159	68.064	75.907	1544.8	-0.17933	287.35	0.67647	liquid
98.268	0.10132	0.95959	1.0421	7.4180	7.4199	23.196	68.047	75.911	1544.6	-0.17922	286.79	0.67654	liquid
98.451	0.10132	0.95946	1.0423	7.4319	7.4338	23.234	68.029	75.915	1544.5	-0.17911	286.23	0.67661	liquid
98.634	0.10132	0.95933	1.0424	7.4458	7.4477	23.271	68.012	75.918	1544.3	-0.17900	285.67	0.67669	liquid
98.818	0.10132	0.95920	1.0425	7.4597	7.4616	23.309	67.995	75.922	1544.2	-0.17889	285.12	0.67676	liquid
99.001	0.10132	0.95907	1.0427	7.4736	7.4755	23.346	67.978	75.926	1544.0	-0.17879	284.56	0.67683	liquid
99.184	0.10132	0.95893	1.0428	7.4875	7.4894	23.384	67.961	75.930	1543.9	-0.17868	284.01	0.67690	liquid
99.368	0.10132	0.95880	1.0430	7.5015	7.5034	23.421	67.944	75.933	1543.7	-0.17857	283.46	0.67697	liquid
99.551	0.10132	0.95867	1.0431	7.5154	7.5173	23.458	67.926	75.937	1543.6	-0.17846	282.91	0.67704	liquid
99.734	0.10132	0.95854	1.0433	7.5293	7.5312	23.496	67.909	75.941	1543.4	-0.17835	282.37	0.67711	liquid
99.918	0.10132	0.95841	1.0434	7.5432	7.5451	23.533	67.892	75.945	1543.2	-0.17824	281.83	0.67718	liquid
99.974	0.10132	0.95837	1.0434	7.5475	7.5494	23.545	67.887	75.946	1543.2	-0.17821	281.66	0.67720	liquid
99.974	0.10133	0.00059766	1673.2	45.146	48.200	132.49	28.027	37.471	472.18	66.729	12.231	0.024568	vapor
100.10	0.10132	0.00059744	1673.8	45.150	48.205	132.50	28.020	37.460	472.27	66.600	12.236	0.024578	vapor
100.28	0.10132	0.00059712	1674.7	45.155	48.212	132.52	28.009	37.444	472.40	66.416	12.243	0.024593	vapor
100.47	0.10132	0.00059680	1675.6	45.160	48.219	132.54	27.998	37.429	472.54	66.232	12.250	0.024609	vapor
100.65	0.10132	0.00059649	1676.5	45.165	48.226	132.56	27.988	37.414	472.67	66.049	12.257	0.024624	vapor
100.83	0.10132	0.00059617	1677.4	45.171	48.233	132.58	27.977	37.399	472.80	65.868	12.264	0.024639	vapor
101.02	0.10132	0.00059585	1678.3	45.176	48.239	132.60	27.967	37.384	472.93	65.688	12.271	0.024654	vapor
101.20	0.10132	0.00059554	1679.2	45.181	48.246	132.61	27.956	37.370	473.06	65.509	12.279	0.024669	vapor
101.38	0.10132	0.00059522	1680.0	45.186	48.253	132.63	27.946	37.355	473.19	65.331	12.286	0.024685	vapor
101.57	0.10132	0.00059491	1680.9	45.192	48.260	132.65	27.936	37.341	473.32	65.155	12.293	0.024700	vapor
101.75	0.10132	0.00059459	1681.8	45.197	48.267	132.67	27.926	37.327	473.45	64.979	12.300	0.024715	vapor
101.93	0.10132	0.00059428	1682.7	45.202	48.274	132.69	27.917	37.313	473.58	64.805	12.307	0.024730	vapor
102.12	0.10132	0.00059397	1683.6	45.207	48.280	132.71	27.907	37.299	473.71	64.631	12.314	0.024745	vapor
102.30	0.10132	0.00059365	1684.5	45.212	48.287	132.72	27.898	37.286	473.84	64.459	12.321	0.024761	vapor
102.48	0.10132	0.00059334	1685.4	45.218	48.294	132.74	27.888	37.272	473.97	64.288	12.328	0.024776	vapor
102.67	0.10132	0.00059303	1686.3	45.223	48.301	132.76	27.879	37.259	474.10	64.118	12.335	0.024791	vapor
102.85	0.10132	0.00059272	1687.1	45.228	48.308	132.78	27.870	37.246	474.23	63.948	12.342	0.024806	vapor
103.03	0.10132	0.00059241	1688.0	45.233	48.315	132.80	27.861	37.233	474.36	63.780	12.349	0.024821	vapor
103.22	0.10132	0.00059210	1688.9	45.239	48.321	132.82	27.852	37.220	474.49	63.613	12.356	0.024837	vapor
103.40	0.10132	0.00059178	1689.8	45.244	48.328	132.83	27.843	37.207	474.61	63.447	12.363	0.024852	vapor
103.58	0.10132	0.00059147	1690.7	45.249	48.335	132.85	27.834	37.194	474.74	63.281	12.370	0.024867	vapor
103.77	0.10132	0.00059116	1691.6	45.254	48.342	132.87	27.826	37.182	474.87	63.117	12.378	0.024882	vapor
103.95	0.10132	0.00059086	1692.5	45.259	48.349	132.89	27.817	37.169	475.00	62.953	12.385	0.024898	vapor
104.13	0.10132	0.00059055	1693.3	45.265	48.356	132.91	27.809	37.157	475.13	62.791	12.392	0.024913	vapor
104.32	0.10132	0.00059024	1694.2	45.270	48.362	132.92	27.800	37.145	475.26	62.629	12.399	0.024928	vapor
104.50	0.10132	0.00058993	1695.1	45.275	48.369	132.94	27.792	37.133	475.38	62.468	12.406	0.024943	vapor
104.68	0.10132	0.00058962	1696.0	45.280	48.376	132.96	27.784	37.121	475.51	62.308	12.413	0.024959	vapor
104.87	0.10132	0.00058931	1696.9	45.285	48.383	132.98	27.776	37.109	475.64	62.149	12.420	0.024974	vapor
105.05	0.10132	0.00058901	1697.8	45.290	48.390	133.00	27.768	37.097	475.77	61.991	12.427	0.024989	vapor
105.23	0.10132	0.00058870	1698.7	45.296	48.396	133.01	27.760	37.086	475.89	61.834	12.434	0.025004	vapor
105.42	0.10132	0.00058839	1699.5	45.301	48.403	133.03	27.752	37.074	476.02	61.677	12.441	0.025020	vapor
105.60	0.10132	0.00058809	1700.4	45.306	48.410	133.05	27.744	37.063	476.15	61.522	12.448	0.025035	vapor
105.78	0.10132	0.00058778	1701.3	45.311	48.417	133.07	27.737	37.052	476.28	61.367	12.455	0.025050	vapor
105.97	0.10132	0.00058748	1702.2	45.316	48.424	133.09	27.729	37.041	476.40	61.212	12.463	0.025065	vapor
106.15	0.10132	0.00058717	1703.1	45.322	48.430	133.10	27.721	37.030	476.53	61.059	12.470	0.025081	vapor
106.33	0.10132	0.00058687	1704.0	45.327	48.437	133.12	27.714	37.019	476.66	60.907	12.477	0.025096	vapor
106.52	0.10132	0.00058656	1704.8	45.332	48.444	133.14	27.707	37.008	476.78	60.755	12.484	0.025111	vapor
106.70	0.10132	0.00058626	1705.7	45.337	48.451	133.16	27.699	36.997	476.91	60.604	12.491	0.025127	vapor
106.88	0.10132	0.00058596	1706.6	45.342	48.457	133.17	27.692	36.986	477.03	60.453	12.498	0.025142	vapor
107.07	0.10132	0.00058565	1707.5	45.347	48.464	133.19	27.685	36.976	477.16	60.304	12.505	0.025157	vapor
107.25	0.10132	0.00058535	1708.4	45.353	48.471	133.21	27.678	36.965	477.29	60.155	12.512	0.025173	vapor
107.43	0.10132	0.00058505	1709.3	45.358	48.478	133.23	27.671	36.955	477.41	60.007	12.519	0.025188	vapor
107.62	0.10132	0.00058475	1710.1	45.363	48.485	133.25	27.664	36.945	477.54	59.859	12.526	0.025203	vapor
107.80	0.10132	0.00058444	1711.0	45.368	48.491	133.26	27.657	36.934	477.66	59.713	12.534	0.025218	vapor
107.98	0.10132	0.00058414	1711.9	45.373	48.498	133.28	27.650	36.924	477.79	59.567	12.541	0.025234	vapor
108.17	0.10132	0.00058384	1712.8	45.378	48.505	133.30	27.644	36.914	477.92	59.421	12.548	0.025249	vapor
108.35	0.10132	0.00058354	1713.7	45.384	48.512	133.32	27.637	36.904	478.04	59.276	12.555	0.025264	vapor
108.53	0.10132	0.00058324	1714.6	45.389	48.518	133.33	27.630	36.894	478.17	59.132	12.562	0.025280	vapor
108.72	0.10132	0.00058294	1715.4	45.394	48.525	133.35	27.624	36.885	478.29	58.989	12.569	0.025295	vapor
108.90	0.10132	0.00058264	1716.3	45.399	48.532	133.37	27.617	36.875	478.42	58.846	12.576	0.025310	vapor
109.08	0.10132	0.00058234	1717.2	45.404	48.539	133.39	27.611	36.865	478.54	58.704	12.583	0.025326	vapor
109.27	0.10132	0.00058204	1718.1	45.409	48.545	133.41	27.605	36.856	478.67	58.563	12.590	0.025341	vapor
109.45	0.10132	0.00058175	1719.0	45.414	48.552	133.42	27.598	36.846	478.79	58.422	12.598	0.025356	vapor
109.63	0.10132	0.00058145	1719.8	45.420	48.559	133.44	27.592	36.837	478.92	58.282	12.605	0.025372	vapor
109.82	0.10132	0.00058115	1720.7	45.425	48.566	133.46	27.586	36.828	479.04	58.142	12.612	0.025387	vapor
110.00	0.10132	0.00058085	1721.6	45.430	48.572	133.48	27.580	36.818	479.16	58.004	12.619	0.025402	vapor
